{
    "Decision Tree": {
        "accuracy": 0.8206521739130435,
        "precision": 0.8349514563106796,
        "recall": 0.8431372549019608,
        "f1_score": 0.8390243902439024,
        "confusion_matrix": [
            [
                65,
                17
            ],
            [
                16,
                86
            ]
        ],
        "roc_auc": 0.8706958393113343,
        "roc_curve": {
            "fpr": [
                0.0,
                0.024390243902439025,
                0.07317073170731707,
                0.0975609756097561,
                0.10975609756097561,
                0.18292682926829268,
                0.18292682926829268,
                0.18292682926829268,
                0.18292682926829268,
                0.18292682926829268,
                0.2073170731707317,
                0.2073170731707317,
                0.21951219512195122,
                0.3048780487804878,
                0.36585365853658536,
                0.8658536585365854,
                1.0
            ],
            "tpr": [
                0.0,
                0.10784313725490197,
                0.5686274509803921,
                0.6764705882352942,
                0.696078431372549,
                0.7058823529411765,
                0.7156862745098039,
                0.7745098039215687,
                0.803921568627451,
                0.8235294117647058,
                0.8431372549019608,
                0.8529411764705882,
                0.8627450980392157,
                0.9411764705882353,
                0.9509803921568627,
                0.9705882352941176,
                1.0
            ]
        },
        "feature_importance": [
            [
                "ST_Slope_Up",
                0.603836857601134
            ],
            [
                "ChestPainType_ASY",
                0.12578182500048724
            ],
            [
                "Oldpeak",
                0.08096726259693944
            ],
            [
                "MaxHR",
                0.07999184097554664
            ],
            [
                "Cholesterol",
                0.031004948846854927
            ],
            [
                "RestingBP",
                0.024919803660283638
            ],
            [
                "Sex_F",
                0.024588998624911998
            ],
            [
                "FastingBS",
                0.014113823164857769
            ],
            [
                "Age",
                0.006690547029674748
            ],
            [
                "ST_Slope_Flat",
                0.004341466533595628
            ],
            [
                "RestingECG_LVH",
                0.0037626259657138547
            ],
            [
                "Sex_M",
                0.0
            ],
            [
                "ChestPainType_ATA",
                0.0
            ],
            [
                "ChestPainType_NAP",
                0.0
            ],
            [
                "ChestPainType_TA",
                0.0
            ],
            [
                "RestingECG_Normal",
                0.0
            ],
            [
                "RestingECG_ST",
                0.0
            ],
            [
                "ExerciseAngina_N",
                0.0
            ],
            [
                "ExerciseAngina_Y",
                0.0
            ],
            [
                "ST_Slope_Down",
                0.0
            ]
        ]
    },
    "Naive Bayes": {
        "accuracy": 0.8858695652173914,
        "precision": 0.8932038834951457,
        "recall": 0.9019607843137255,
        "f1_score": 0.8975609756097561,
        "confusion_matrix": [
            [
                71,
                11
            ],
            [
                10,
                92
            ]
        ],
        "roc_auc": 0.9117647058823529,
        "roc_curve": {
            "fpr": [
                0.0,
                0.0,
                0.0,
                0.012195121951219513,
                0.012195121951219513,
                0.024390243902439025,
                0.024390243902439025,
                0.036585365853658534,
                0.036585365853658534,
                0.04878048780487805,
                0.04878048780487805,
                0.06097560975609756,
                0.06097560975609756,
                0.07317073170731707,
                0.07317073170731707,
                0.08536585365853659,
                0.08536585365853659,
                0.0975609756097561,
                0.0975609756097561,
                0.10975609756097561,
                0.10975609756097561,
                0.12195121951219512,
                0.12195121951219512,
                0.13414634146341464,
                0.13414634146341464,
                0.14634146341463414,
                0.14634146341463414,
                0.17073170731707318,
                0.17073170731707318,
                0.21951219512195122,
                0.21951219512195122,
                0.24390243902439024,
                0.24390243902439024,
                0.2926829268292683,
                0.2926829268292683,
                0.4878048780487805,
                0.4878048780487805,
                0.5,
                0.5,
                0.7073170731707317,
                0.7073170731707317,
                1.0
            ],
            "tpr": [
                0.0,
                0.00980392156862745,
                0.029411764705882353,
                0.029411764705882353,
                0.11764705882352941,
                0.11764705882352941,
                0.3627450980392157,
                0.3627450980392157,
                0.46078431372549017,
                0.46078431372549017,
                0.49019607843137253,
                0.49019607843137253,
                0.5,
                0.5,
                0.5098039215686274,
                0.5098039215686274,
                0.5196078431372549,
                0.5196078431372549,
                0.5294117647058824,
                0.5294117647058824,
                0.803921568627451,
                0.803921568627451,
                0.8333333333333334,
                0.8333333333333334,
                0.9117647058823529,
                0.9117647058823529,
                0.9215686274509803,
                0.9215686274509803,
                0.9411764705882353,
                0.9411764705882353,
                0.9509803921568627,
                0.9509803921568627,
                0.9607843137254902,
                0.9607843137254902,
                0.9705882352941176,
                0.9705882352941176,
                0.9803921568627451,
                0.9803921568627451,
                0.9901960784313726,
                0.9901960784313726,
                1.0,
                1.0
            ]
        }
    },
    "SVM": {
        "accuracy": 0.8967391304347826,
        "precision": 0.8807339449541285,
        "recall": 0.9411764705882353,
        "f1_score": 0.909952606635071,
        "confusion_matrix": [
            [
                69,
                13
            ],
            [
                6,
                96
            ]
        ],
        "roc_auc": 0.9459588713534194,